{
  "cage15": {
    "long_scoreboard": 4.231127,
    "wait": 1.871833,
    "short_scoreboard": 1.346507,
    "not_selected": 1.220961,
    "selected": 1.000004,
    "math_pipe_throttle": 0.718722,
    "branch_resolving": 0.327762,
    "no_instruction": 0.169382,
    "drain": 0.065419,
    "dispatch_stall": 0.056448,
    "mio_throttle": 0.014729,
    "imc_miss": 0.005558,
    "lg_throttle": 0.000363,
    "misc": 1.7e-05,
    "barrier": 8e-06,
    "gmma": 0.0,
    "membar": 0.0,
    "sleeping": 0.0,
    "tex_throttle": 0.0
  },
  "cant": {
    "long_scoreboard": 4.24662,
    "wait": 1.815141,
    "not_selected": 1.381487,
    "short_scoreboard": 1.15929,
    "selected": 1.000378,
    "math_pipe_throttle": 0.834231,
    "branch_resolving": 0.287848,
    "no_instruction": 0.250666,
    "imc_miss": 0.12863,
    "mio_throttle": 0.073001,
    "dispatch_stall": 0.06186,
    "drain": 0.04872,
    "misc": 0.000289,
    "lg_throttle": 1e-05,
    "barrier": 2e-06,
    "gmma": 0.0,
    "membar": 0.0,
    "sleeping": 0.0,
    "tex_throttle": 0.0
  },
  "ldoor": {
    "long_scoreboard": 3.407864,
    "wait": 1.839315,
    "not_selected": 1.458434,
    "short_scoreboard": 1.132333,
    "selected": 0.999951,
    "math_pipe_throttle": 0.867214,
    "branch_resolving": 0.300654,
    "no_instruction": 0.185772,
    "dispatch_stall": 0.067927,
    "drain": 0.050279,
    "imc_miss": 0.009949,
    "mio_throttle": 0.007839,
    "misc": 1.8e-05,
    "lg_throttle": 4e-06,
    "barrier": 0.0,
    "gmma": 0.0,
    "membar": 0.0,
    "sleeping": 0.0,
    "tex_throttle": 0.0
  }
}